system,basis,kmesh,nk,tp,tw,td,t_osv,nocc,nmo,npairs_strong,npairs_weak,npairs_dist,npairs_total,osv_avg,pno_avg,e_corr,e_kmp2_ref,err_vs_kmp2_pct,wall_total,node,run_date
ammonia,cc-pVDZ,2x2x2,8,1e-06,3e-06,1e-08,3e-05,128,896,,,0,2048,42.0,7.0,-0.787168829095198,,,313.82,worker5179,2026-07-08
ammonia,cc-pVDZ,2x2x2,8,1e-07,0.0001,1e-06,3e-05,128,896,,,168,2048,42.0,18.0,-0.786167653013936,,,76.5,worker5310,2026-07-06
ammonia,cc-pVDZ,2x2x2,8,1e-07,0.0001,1e-08,3e-05,128,896,,,0,2048,42.0,18.0,-0.786186524307822,,,82.68,worker5311,2026-07-06
ammonia,cc-pVDZ,2x2x2,8,1e-07,0.001,1e-08,3e-05,128,896,,,0,2048,42.0,31.0,-0.784128585449534,,,25.97,worker7041,2026-07-06
ammonia,cc-pVDZ,2x2x2,8,1e-07,0,1e-08,3e-05,128,896,,,0,2048,42.0,7.0,-0.787866402552111,,,563.26,worker5163,2026-07-06
ammonia,cc-pVDZ,2x2x2,8,1e-07,1e-05,1e-06,3e-05,128,896,,,168,2048,42.0,10.0,-0.787639670055825,,,195.98,worker5312,2026-07-06
ammonia,cc-pVDZ,2x2x2,8,1e-07,1e-05,1e-08,3e-05,128,896,,,0,2048,42.0,10.0,-0.787658541715486,,,198.08,worker5313,2026-07-06
ammonia,cc-pVDZ,2x2x2,8,1e-07,3e-05,1e-08,3e-05,128,896,,,0,2048,42.0,12.0,-0.787035585014512,,,53.78,worker7041,2026-07-06
ammonia,cc-pVDZ,2x2x2,8,1e-07,3e-06,1e-05,3e-05,128,896,,,1108,2048,42.0,10.0,-0.787054410811962,,,79.48,worker7008,2026-07-06
ammonia,cc-pVDZ,2x2x2,8,1e-07,3e-06,1e-06,3e-05,128,896,,,168,2048,42.0,8.0,-0.787742805477691,,,294.31,worker5314,2026-07-06
ammonia,cc-pVDZ,2x2x2,8,1e-07,3e-06,1e-07,3e-05,128,896,,,0,2048,42.0,8.0,-0.787761677169699,,,314.72,worker5315,2026-07-06
ammonia,cc-pVDZ,2x2x2,8,1e-08,0.0001,1e-06,3e-05,128,896,,,168,2048,42.0,29.0,-0.786399777744261,,,73.64,worker5310,2026-07-06
ammonia,cc-pVDZ,2x2x2,8,1e-08,0.0001,1e-08,3e-05,128,896,,,0,2048,42.0,29.0,-0.786418649038151,,,75.06,worker5311,2026-07-06
ammonia,cc-pVDZ,2x2x2,8,1e-08,0.001,1e-08,3e-05,128,896,,,0,2048,42.0,39.0,-0.784257001783814,,,25.94,worker7041,2026-07-06
ammonia,cc-pVDZ,2x2x2,8,1e-08,0,1e-08,3e-05,128,896,,,0,2048,42.0,11.0,-0.78821648541982,,,568.97,worker5163,2026-07-06
ammonia,cc-pVDZ,2x2x2,8,1e-08,1e-05,1e-06,3e-05,128,896,,,168,2048,42.0,17.0,-0.787975973882791,,,190.79,worker5312,2026-07-06
ammonia,cc-pVDZ,2x2x2,8,1e-08,1e-05,1e-08,3e-05,128,896,,,0,2048,42.0,17.0,-0.787994845588435,,,188.88,worker5313,2026-07-06
ammonia,cc-pVDZ,2x2x2,8,1e-08,3e-05,1e-08,3e-05,128,896,,,0,2048,42.0,22.0,-0.78733511653304,,,51.55,worker7041,2026-07-06
ammonia,cc-pVDZ,2x2x2,8,1e-08,3e-06,1e-05,3e-05,128,896,,,1108,2048,42.0,17.0,-0.787382580996555,,,75.73,worker7008,2026-07-06
ammonia,cc-pVDZ,2x2x2,8,1e-08,3e-06,1e-06,3e-05,128,896,,,168,2048,42.0,14.0,-0.788085795949378,,,311.69,worker5314,2026-07-06
ammonia,cc-pVDZ,2x2x2,8,1e-08,3e-06,1e-07,3e-05,128,896,,,0,2048,42.0,14.0,-0.788104667699417,,,308.86,worker5315,2026-07-06
ammonia,cc-pVDZ,2x2x2,8,1e-08,3e-06,1e-08,3e-05,128,896,1348,700,0,2048,42.0,14.0,-0.788104667699416,-0.788575725,0.06,52.59,worker7003,2026-07-29
ammonia,cc-pVDZ,2x2x2,8,1e-10,3e-06,1e-08,3e-06,128,896,,,0,2048,87.0,48.0,-0.788422429270802,,,422.79,worker7002,2026-07-08
ammonia,cc-pVDZ,2x2x2,8,3e-07,3e-06,1e-08,3e-05,128,896,,,0,2048,42.0,7.0,-0.787446535139282,,,304.61,worker5179,2026-07-08
ammonia,cc-pVDZ,3x3x3,27,1e-06,3e-06,1e-08,3e-05,432,3024,,,0,6912,42.0,7.0,-0.789835762095493,,,1154.19,worker5179,2026-07-08
ammonia,cc-pVDZ,3x3x3,27,1e-07,0.0001,1e-06,3e-05,432,3024,,,4302,6912,42.0,18.0,-0.788810985909372,,,219.83,worker7366,2026-07-06
ammonia,cc-pVDZ,3x3x3,27,1e-07,0.0001,1e-08,3e-05,432,3024,,,0,6912,42.0,18.0,-0.788895440889824,,,323.54,worker7367,2026-07-06
ammonia,cc-pVDZ,3x3x3,27,1e-07,0,1e-08,3e-05,432,3024,,,0,6912,42.0,5.0,-0.790649267273275,,,1859.87,worker7365,2026-07-06
ammonia,cc-pVDZ,3x3x3,27,1e-07,1e-05,1e-06,3e-05,432,3024,,,4302,6912,42.0,10.0,-0.790194314398251,,,580.49,worker5202,2026-07-06
ammonia,cc-pVDZ,3x3x3,27,1e-07,1e-05,1e-08,3e-05,432,3024,,,0,6912,42.0,10.0,-0.79027876903955,,,1113.83,worker5203,2026-07-06
ammonia,cc-pVDZ,3x3x3,27,1e-07,3e-06,1e-06,3e-05,432,3024,,,4302,6912,42.0,8.0,-0.79033007710657,,,722.61,worker5204,2026-07-06
ammonia,cc-pVDZ,3x3x3,27,1e-07,3e-06,1e-07,3e-05,432,3024,,,798,6912,42.0,8.0,-0.790410436282454,,,975.59,worker5205,2026-07-06
ammonia,cc-pVDZ,3x3x3,27,1e-08,0.0001,1e-06,3e-05,432,3024,,,4302,6912,42.0,29.0,-0.789044293308939,,,207.99,worker7366,2026-07-06
ammonia,cc-pVDZ,3x3x3,27,1e-08,0.0001,1e-08,3e-05,432,3024,256,6656,0,6912,42.0,29.0,-0.789128747704372,,,297.47,worker7297,2026-07-26
ammonia,cc-pVDZ,3x3x3,27,1e-08,0,1e-08,3e-05,432,3024,6912,0,0,6912,42.0,6.0,-0.791000780194612,,,512.8,worker7297,2026-07-26
ammonia,cc-pVDZ,3x3x3,27,1e-08,1e-05,1e-06,3e-05,432,3024,,,4302,6912,42.0,17.0,-0.790525534086965,,,627.96,worker5202,2026-07-06
ammonia,cc-pVDZ,3x3x3,27,1e-08,1e-05,1e-08,3e-05,432,3024,928,5984,0,6912,42.0,17.0,-0.790609988258188,,,312.59,worker7297,2026-07-26
ammonia,cc-pVDZ,3x3x3,27,1e-08,3e-06,1e-06,3e-05,432,3024,,,4302,6912,42.0,13.0,-0.790669429446209,,,693.96,worker5204,2026-07-06
ammonia,cc-pVDZ,3x3x3,27,1e-08,3e-06,1e-07,3e-05,432,3024,,,798,6912,42.0,13.0,-0.790749788614731,,,1182.76,worker5205,2026-07-06
ammonia,cc-pVDZ,3x3x3,27,1e-08,3e-06,1e-08,3e-05,432,3024,1408,5504,0,6912,42.0,13.0,-0.790753882272526,-0.7913846825,0.08,356.2,worker7003,2026-07-29
ammonia,cc-pVDZ,3x3x3,27,1e-10,3e-06,1e-08,3e-06,432,3024,,,0,6912,87.0,43.0,-0.791052975626453,,,778.35,worker7002,2026-07-08
ammonia,cc-pVDZ,3x3x3,27,3e-07,3e-06,1e-08,3e-05,432,3024,,,0,6912,42.0,7.0,-0.790115958966793,,,1170.46,worker5179,2026-07-08
ammonia,cc-pVQZ,1x1x1,1,1e-06,3e-06,1e-08,3e-05,16,564,,,0,256,105.0,27.0,-1.00243200896529,,,39.19,worker5426,2026-07-08
ammonia,cc-pVQZ,1x1x1,1,1e-07,3e-06,1e-08,3e-05,16,564,,,0,256,105.0,42.0,-1.00322018777415,,,38.87,worker5426,2026-07-08
ammonia,cc-pVQZ,1x1x1,1,1e-09,3e-06,1e-08,1.05409e-05,16,564,,,0,256,137.0,132.0,-1.00390503486214,,,42.07,worker5426,2026-07-08
ammonia,cc-pVQZ,1x1x1,1,1e-10,3e-06,1e-08,3e-06,16,564,,,0,256,185.0,207.0,-1.00400744488499,,,87.43,worker5443,2026-07-08
ammonia,cc-pVQZ,2x2x2,8,1e-06,3e-06,1e-08,3e-05,128,4512,,,0,2048,107.0,9.0,-1.04495346593063,,,1352.43,worker5426,2026-07-08
ammonia,cc-pVQZ,2x2x2,8,1e-08,3e-06,1e-08,3e-05,128,4512,,,0,2048,107.0,22.0,-1.04619452090054,,,851.49,worker7008,2026-07-08
ammonia,cc-pVQZ,2x2x2,8,1e-10,3e-06,1e-08,3e-06,128,4512,,,0,2048,199.0,91.0,-1.04694733718356,,,3116.66,worker5443,2026-07-08
ammonia,cc-pVQZ,2x2x2,8,3e-07,3e-06,1e-08,3e-05,128,4512,,,0,2048,107.0,10.0,-1.04538104980811,,,1353.46,worker5426,2026-07-08
ammonia,cc-pVTZ,2x2x2,8,1e-06,3e-06,1e-08,3e-05,128,2272,,,0,2048,80.0,8.0,-0.983723276805652,,,341.67,worker7044,2026-07-08
ammonia,cc-pVTZ,2x2x2,8,1e-08,3e-06,1e-08,3e-05,128,2272,,,0,2048,80.0,20.0,-0.984865690849999,,,400.28,worker7008,2026-07-08
ammonia,cc-pVTZ,2x2x2,8,1e-10,3e-06,1e-08,3e-06,128,2272,,,0,2048,150.0,74.0,-0.985374580606815,,,1939.8,worker5340,2026-07-08
ammonia,cc-pVTZ,2x2x2,8,3e-07,3e-06,1e-08,3e-05,128,2272,,,0,2048,80.0,9.0,-0.984131754390358,,,324.22,worker7044,2026-07-08
ammonia,cc-pVTZ,3x3x3,27,1e-06,3e-06,1e-08,3e-05,432,7668,,,0,6912,80.0,8.0,-0.987017469683886,,,2160.74,worker7044,2026-07-08
ammonia,cc-pVTZ,3x3x3,27,1e-10,3e-06,1e-08,3e-06,432,7668,,,0,6912,150.0,65.0,-0.98865861366888,,,7330.61,worker5340,2026-07-08
benzene,cc-pVDZ,2x2x2,8,1e-08,3e-06,1e-08,3e-05,480,3456,,,0,28800,71.0,17.0,-3.26027180824296,,,4391.94,worker7074,2026-07-08
benzene,cc-pVTZ,2x2x2,8,1e-08,3e-06,1e-08,3e-05,480,8256,,,0,28800,114.0,20.0,-3.93158058459063,,,13910.33,worker7074,2026-07-08
bn,pob-TZVP,5x5x1,25,1e-07,0.0001,1e-06,3e-05,100,850,,,8,400,79.0,28.0,-0.217788227051538,,,41.18,worker5089,2026-07-06
bn,pob-TZVP,5x5x1,25,1e-07,0.0001,1e-08,3e-05,100,850,,,0,400,79.0,28.0,-0.217792499286681,,,47.06,worker5090,2026-07-06
bn,pob-TZVP,5x5x1,25,1e-07,0,1e-08,3e-05,100,850,,,0,400,79.0,13.0,-0.218411921154039,,,112.56,worker5088,2026-07-06
bn,pob-TZVP,5x5x1,25,1e-07,1e-05,1e-06,3e-05,100,850,,,8,400,79.0,17.0,-0.218312766196944,,,78.5,worker5275,2026-07-06
bn,pob-TZVP,5x5x1,25,1e-07,1e-05,1e-08,3e-05,100,850,,,0,400,79.0,17.0,-0.218317038317453,,,80.17,worker5276,2026-07-06
bn,pob-TZVP,5x5x1,25,1e-07,3e-06,1e-05,3e-05,100,850,,,180,400,79.0,19.0,-0.217796594438263,,,24.83,worker7350,2026-07-06
bn,pob-TZVP,5x5x1,25,1e-07,3e-06,1e-06,3e-05,100,850,,,8,400,79.0,14.0,-0.218396140425885,,,99.9,worker5277,2026-07-06
bn,pob-TZVP,5x5x1,25,1e-07,3e-06,1e-07,3e-05,100,850,,,0,400,79.0,14.0,-0.218401216806863,,,53.01,worker7364,2026-07-06
bn,pob-TZVP,5x5x1,25,1e-08,0.0001,1e-06,3e-05,100,850,,,8,400,79.0,48.0,-0.217935960686163,,,39.39,worker5089,2026-07-06
bn,pob-TZVP,5x5x1,25,1e-08,0.0001,1e-08,3e-05,100,850,,,0,400,79.0,48.0,-0.217940232921309,,,43.1,worker5090,2026-07-06
bn,pob-TZVP,5x5x1,25,1e-08,0,1e-08,3e-05,100,850,400,0,0,400,79.0,24.0,-0.218615795945527,,,19.16,worker6150,2026-08-03
bn,pob-TZVP,5x5x1,25,1e-08,1e-05,1e-06,3e-05,100,850,,,8,400,79.0,31.0,-0.218507124029451,,,78.92,worker5275,2026-07-06
bn,pob-TZVP,5x5x1,25,1e-08,1e-05,1e-08,3e-05,100,850,,,0,400,79.0,31.0,-0.218511396142016,,,79.23,worker5276,2026-07-06
bn,pob-TZVP,5x5x1,25,1e-08,3e-06,1e-05,3e-05,100,850,,,180,400,79.0,35.0,-0.217980595309709,,,25.48,worker7350,2026-07-06
bn,pob-TZVP,5x5x1,25,1e-08,3e-06,1e-06,3e-05,100,850,,,8,400,79.0,25.0,-0.218598760984183,,,107.21,worker5277,2026-07-06
bn,pob-TZVP,5x5x1,25,1e-08,3e-06,1e-07,3e-05,100,850,,,0,400,79.0,25.0,-0.218603921428028,,,57.12,worker7364,2026-07-06
bn,pob-TZVP,5x5x1,25,1e-08,3e-06,1e-08,3e-05,100,850,370,30,0,400,79.0,25.0,-0.218603921428002,,,18.77,worker6150,2026-08-03
bn,pob-TZVP,5x5x1,25,1e-10,3e-06,1e-08,3e-06,100,850,,,0,400,169.0,86.0,-0.218809317914579,,,315.96,worker5088,2026-07-08
bn,pob-TZVP,5x5x1,25,3e-07,3e-06,1e-08,3e-05,100,850,,,0,400,79.0,11.0,-0.21820455538228,,,51.9,worker7354,2026-07-08
bn,pob-TZVP,7x7x1,49,1e-07,0.0001,1e-06,3e-05,196,1666,,,220,784,79.0,28.0,-0.217677248997299,,,137.4,worker5089,2026-07-06
bn,pob-TZVP,7x7x1,49,1e-07,0.0001,1e-08,3e-05,196,1666,,,0,784,79.0,28.0,-0.21768789309564,,,167.62,worker5090,2026-07-06
bn,pob-TZVP,7x7x1,49,1e-07,0,1e-08,3e-05,196,1666,,,0,784,79.0,9.0,-0.218291923156239,,,362.67,worker5088,2026-07-06
bn,pob-TZVP,7x7x1,49,1e-07,1e-05,1e-06,3e-05,196,1666,,,220,784,79.0,17.0,-0.218161990243859,,,176.16,worker5275,2026-07-06
bn,pob-TZVP,7x7x1,49,1e-07,1e-05,1e-08,3e-05,196,1666,,,0,784,79.0,17.0,-0.218172632969077,,,193.8,worker5276,2026-07-06
bn,pob-TZVP,7x7x1,49,1e-07,3e-06,1e-05,3e-05,196,1666,,,574,784,79.0,19.0,-0.215763582901569,,,44.88,worker7350,2026-07-06
bn,pob-TZVP,7x7x1,49,1e-07,3e-06,1e-06,3e-05,196,1666,,,220,784,79.0,14.0,-0.218223623181773,,,194.07,worker5277,2026-07-06
bn,pob-TZVP,7x7x1,49,1e-07,3e-06,1e-07,3e-05,196,1666,,,0,784,79.0,14.0,-0.218234263681661,,,92.05,worker7364,2026-07-06
bn,pob-TZVP,7x7x1,49,1e-08,0.0001,1e-06,3e-05,196,1666,,,220,784,79.0,48.0,-0.217828650868612,,,125.2,worker5089,2026-07-06
bn,pob-TZVP,7x7x1,49,1e-08,0.0001,1e-08,3e-05,196,1666,,,0,784,79.0,48.0,-0.217839294966951,,,157.02,worker5090,2026-07-06
bn,pob-TZVP,7x7x1,49,1e-08,0,1e-08,3e-05,196,1666,784,0,0,784,79.0,14.0,-0.218494885988833,,,70.62,worker6150,2026-08-03
bn,pob-TZVP,7x7x1,49,1e-08,1e-05,1e-06,3e-05,196,1666,,,220,784,79.0,31.0,-0.21835961575272,,,174.31,worker5275,2026-07-06
bn,pob-TZVP,7x7x1,49,1e-08,1e-05,1e-08,3e-05,196,1666,,,0,784,79.0,31.0,-0.218370258219315,,,195.36,worker5276,2026-07-06
bn,pob-TZVP,7x7x1,49,1e-08,3e-06,1e-05,3e-05,196,1666,,,574,784,79.0,34.0,-0.215938029477228,,,45.47,worker7350,2026-07-06
bn,pob-TZVP,7x7x1,49,1e-08,3e-06,1e-06,3e-05,196,1666,,,220,784,79.0,26.0,-0.218424406839507,,,194.05,worker5277,2026-07-06
bn,pob-TZVP,7x7x1,49,1e-08,3e-06,1e-07,3e-05,196,1666,,,0,784,79.0,26.0,-0.21843504686844,,,86.33,worker7364,2026-07-06
bn,pob-TZVP,7x7x1,49,1e-08,3e-06,1e-08,3e-05,196,1666,346,438,0,784,79.0,26.0,-0.218435046868472,,,56.41,worker6150,2026-08-03
bn,pob-TZVP,7x7x1,49,1e-10,3e-06,1e-08,3e-06,196,1666,,,0,784,169.0,87.0,-0.218621914295402,,,706.38,worker5088,2026-07-08
bn,pob-TZVP,7x7x1,49,3e-07,3e-06,1e-08,3e-05,196,1666,,,0,784,79.0,12.0,-0.218043041320597,,,87.24,worker7354,2026-07-08
bn,pob-TZVP,9x9x1,81,1e-06,3e-06,1e-08,3e-05,324,2754,346,950,0,1296,79.0,10.0,-0.217787017155908,-0.2186923699,0.41,170.6,worker6019,2026-07-29
bn,pob-TZVP,9x9x1,81,1e-07,0.0001,1e-06,3e-05,324,2754,,,698,1296,79.0,28.0,-0.217718031399711,,,355.49,worker5089,2026-07-06
bn,pob-TZVP,9x9x1,81,1e-07,0.0001,1e-08,3e-05,324,2754,,,0,1296,79.0,28.0,-0.217666461440191,,,596.37,worker5090,2026-07-06
bn,pob-TZVP,9x9x1,81,1e-07,0,1e-08,3e-05,324,2754,,,0,1296,79.0,6.0,-0.218264637454933,,,1080.61,worker5088,2026-07-06
bn,pob-TZVP,9x9x1,81,1e-07,1e-05,1e-06,3e-05,324,2754,,,698,1296,79.0,17.0,-0.21819898385576,,,427.78,worker5275,2026-07-06
bn,pob-TZVP,9x9x1,81,1e-07,1e-05,1e-08,3e-05,324,2754,,,0,1296,79.0,17.0,-0.218147412017772,,,658.46,worker5276,2026-07-06
bn,pob-TZVP,9x9x1,81,1e-07,3e-06,1e-05,3e-05,324,2754,,,1052,1296,79.0,16.0,-0.204010954607582,,,113.43,worker7350,2026-07-06
bn,pob-TZVP,9x9x1,81,1e-07,3e-06,1e-06,3e-05,324,2754,,,698,1296,79.0,14.0,-0.218258849839278,,,404.77,worker5277,2026-07-06
bn,pob-TZVP,9x9x1,81,1e-07,3e-06,1e-07,3e-05,324,2754,,,66,1296,79.0,14.0,-0.218207297748851,,,211.76,worker7364,2026-07-06
bn,pob-TZVP,9x9x1,81,1e-07,3e-06,1e-08,3e-05,324,2754,346,950,0,1296,79.0,14.0,-0.218207275521135,-0.2186923699,0.22,163.69,worker6019,2026-07-29
bn,pob-TZVP,9x9x1,81,1e-08,0.0001,1e-06,3e-05,324,2754,,,698,1296,79.0,48.0,-0.217868505071802,,,334.36,worker5089,2026-07-06
bn,pob-TZVP,9x9x1,81,1e-08,0.0001,1e-08,3e-05,324,2754,112,1184,0,1296,79.0,48.0,-0.217816935112231,,,173.14,worker7051,2026-07-26
bn,pob-TZVP,9x9x1,81,1e-08,0,1e-08,3e-05,324,2754,1296,0,0,1296,79.0,10.0,-0.21846389932501,,,205.9,worker6150,2026-08-03
bn,pob-TZVP,9x9x1,81,1e-08,1e-05,1e-06,3e-05,324,2754,,,698,1296,79.0,31.0,-0.218395018171993,,,399.66,worker5275,2026-07-06
bn,pob-TZVP,9x9x1,81,1e-08,1e-05,1e-08,3e-05,324,2754,268,1028,0,1296,79.0,31.0,-0.218343446086407,,,177.78,worker7051,2026-07-26
bn,pob-TZVP,9x9x1,81,1e-08,3e-06,1e-05,3e-05,324,2754,,,1052,1296,79.0,30.0,-0.000762584913667602,,,119.37,worker7350,2026-07-06
bn,pob-TZVP,9x9x1,81,1e-08,3e-06,1e-06,3e-05,324,2754,,,698,1296,79.0,26.0,-0.218457460070337,,,402.56,worker5277,2026-07-06
bn,pob-TZVP,9x9x1,81,1e-08,3e-06,1e-07,3e-05,324,2754,,,66,1296,79.0,26.0,-0.218405907499404,,,220.61,worker7364,2026-07-06
bn,pob-TZVP,9x9x1,81,1e-08,3e-06,1e-08,3e-05,324,2754,346,950,0,1296,79.0,26.0,-0.218405885132004,,,165.55,worker6150,2026-08-03
bn,pob-TZVP,9x9x1,81,1e-09,3e-06,1e-08,3e-05,324,2754,346,950,0,1296,79.0,48.0,-0.218489057115128,-0.2186923699,0.09,176.13,worker6019,2026-07-29
bn,pob-TZVP,9x9x1,81,1e-10,3e-06,1e-08,3e-06,324,2754,,,0,1296,169.0,87.0,-0.21859361197712,,,2690.27,worker5088,2026-07-08
bn,pob-TZVP,9x9x1,81,3e-07,3e-06,1e-08,3e-05,324,2754,346,950,0,1296,79.0,12.0,-0.218015898996268,-0.2186923699,0.31,170.57,worker6019,2026-07-29
c,pob-TZVP,2x2x2,8,1e-08,3e-06,1e-08,3e-05,32,272,128,0,0,128,121.0,79.0,-0.24934691022525,-0.2496472295,0.12,7.54,worker6002,2026-07-29
c,pob-TZVP,2x2x2,8,1e-10,3e-06,1e-08,3e-06,32,272,,,0,128,183.0,170.0,-0.249627212841615,,,19.76,worker6070,2026-07-08
c,pob-TZVP,2x2x2,8,3e-07,3e-06,1e-08,3e-05,32,272,,,0,128,121.0,33.0,-0.2485464367499,,,8.8,worker6070,2026-07-08
c,pob-TZVP,3x3x3,27,1e-08,3e-06,1e-08,3e-05,108,918,432,0,0,432,98.0,37.0,-0.266441772816282,-0.2672194252,0.29,36.69,worker6002,2026-07-29
c,pob-TZVP,3x3x3,27,1e-10,3e-06,1e-08,3e-06,108,918,,,0,432,255.0,147.0,-0.267126231982861,,,238.08,worker6182,2026-07-08
c,pob-TZVP,3x3x3,27,3e-07,3e-06,1e-08,3e-05,108,918,,,0,432,98.0,13.0,-0.2654791253969,,,74.38,worker6175,2026-07-08
c,pob-TZVP,4x4x4,64,1e-06,3e-06,1e-08,3e-05,256,2176,1009,15,0,1024,158.0,13.0,-0.272020541498356,-0.2748730248,1.04,290.34,worker6016,2026-07-29
c,pob-TZVP,4x4x4,64,1e-07,3e-06,1e-08,3e-05,256,2176,1009,15,0,1024,158.0,17.0,-0.273037291047591,-0.2748730248,0.67,285.75,worker6016,2026-07-29
c,pob-TZVP,4x4x4,64,1e-08,3e-06,1e-08,3e-05,256,2176,1009,15,0,1024,158.0,38.0,-0.2736615780503,-0.2748730248,0.44,326.09,worker6002,2026-07-29
c,pob-TZVP,4x4x4,64,1e-09,3e-06,1e-08,3e-05,256,2176,1009,15,0,1024,158.0,81.0,-0.274006171548944,-0.2748730248,0.32,528.8,worker6016,2026-07-29
c,pob-TZVP,4x4x4,64,1e-10,3e-06,1e-08,3e-06,256,2176,,,0,1024,456.0,185.0,-0.274748539095169,,,4120.12,worker6182,2026-07-08
c,pob-TZVP,4x4x4,64,3e-07,3e-06,1e-08,3e-05,256,2176,1009,15,0,1024,158.0,14.0,-0.272542748129853,-0.2748730248,0.85,283.78,worker6016,2026-07-29
co2,cc-pVDZ,2x2x2,8,1e-06,3e-06,1e-08,3e-05,256,1248,,,0,8192,35.0,6.0,-1.94896182424081,,,264.41,worker6138,2026-07-06
co2,cc-pVDZ,2x2x2,8,1e-07,3e-06,1e-08,3e-05,256,1248,,,0,8192,35.0,7.0,-1.94994931211723,,,270.61,worker6138,2026-07-06
co2,cc-pVDZ,2x2x2,8,1e-08,0.0001,1e-06,3e-05,256,1248,,,4220,8192,35.0,31.0,-1.9387655097709,,,240.63,worker5316,2026-07-06
co2,cc-pVDZ,2x2x2,8,1e-08,0.0001,1e-08,3e-05,256,1248,,,0,8192,35.0,31.0,-1.94921787825335,,,361.4,worker5090,2026-07-06
co2,cc-pVDZ,2x2x2,8,1e-08,0.001,1e-08,3e-05,256,1248,,,0,8192,35.0,31.0,-1.94728637295074,,,106.49,worker7195,2026-07-06
co2,cc-pVDZ,2x2x2,8,1e-08,1e-05,1e-06,3e-05,256,1248,,,4220,8192,35.0,15.0,-1.93962008931677,,,342.06,worker5140,2026-07-06
co2,cc-pVDZ,2x2x2,8,1e-08,1e-05,1e-08,3e-05,256,1248,,,0,8192,35.0,15.0,-1.95010804491198,,,474.51,worker5305,2026-07-06
co2,cc-pVDZ,2x2x2,8,1e-08,3e-05,1e-08,3e-05,256,1248,,,0,8192,35.0,21.0,-1.9494760223846,,,388.81,worker5355,2026-07-06
co2,cc-pVDZ,2x2x2,8,1e-08,3e-06,1e-05,3e-05,256,1248,,,6981,8192,35.0,16.0,-1.91677870299404,,,103.52,worker7274,2026-07-06
co2,cc-pVDZ,2x2x2,8,1e-08,3e-06,1e-07,3e-05,256,1248,,,527,8192,35.0,11.0,-1.94589818765387,,,648.89,worker5342,2026-07-06
co2,cc-pVDZ,2x2x2,8,1e-08,3e-06,1e-08,3e-05,256,1248,,,0,8192,35.0,12.0,-1.95039615494668,,,446.35,worker7023,2026-07-08
co2,cc-pVDZ,2x2x2,8,1e-09,3e-06,1e-08,1.05409e-05,256,1248,,,0,8192,41.0,20.0,-1.95059892678205,,,275.11,worker6138,2026-07-06
co2,cc-pVDZ,2x2x2,8,3e-07,0.0001,1e-06,3e-05,256,1248,,,4220,8192,35.0,22.0,-1.93823418508278,,,222.45,worker5316,2026-07-06
co2,cc-pVDZ,2x2x2,8,3e-07,0.0001,1e-08,3e-05,256,1248,,,0,8192,35.0,22.0,-1.94866277041102,,,355.86,worker5090,2026-07-06
co2,cc-pVDZ,2x2x2,8,3e-07,0.001,1e-08,3e-05,256,1248,,,0,8192,35.0,22.0,-1.94677228431405,,,109.38,worker7195,2026-07-06
co2,cc-pVDZ,2x2x2,8,3e-07,1e-05,1e-06,3e-05,256,1248,,,4220,8192,35.0,8.0,-1.93888099427249,,,366.02,worker5140,2026-07-06
co2,cc-pVDZ,2x2x2,8,3e-07,1e-05,1e-08,3e-05,256,1248,,,0,8192,35.0,8.0,-1.94934145825452,,,464.74,worker5305,2026-07-06
co2,cc-pVDZ,2x2x2,8,3e-07,3e-05,1e-08,3e-05,256,1248,,,0,8192,35.0,12.0,-1.94879686742715,,,379.18,worker5355,2026-07-06
co2,cc-pVDZ,2x2x2,8,3e-07,3e-06,1e-05,3e-05,256,1248,,,6981,8192,35.0,9.0,-1.91613994964509,,,107.54,worker7274,2026-07-06
co2,cc-pVDZ,2x2x2,8,3e-07,3e-06,1e-07,3e-05,256,1248,,,527,8192,35.0,7.0,-1.94512730207536,,,591.4,worker5342,2026-07-06
co2,cc-pVQZ,2x2x2,8,1e-08,3e-06,1e-08,3e-05,256,5184,,,0,8192,98.0,18.0,-2.61205398385139,,,3061.72,worker7023,2026-07-08
co2,cc-pVTZ,2x2x2,8,1e-08,3e-06,1e-08,3e-05,256,2784,,,0,8192,66.0,14.0,-2.43166930071449,,,1164.1,worker7023,2026-07-08
ice,minao,2x2x2,8,1e-07,3e-06,1e-06,3e-05,128,192,2013,12,23,2048,7.0,3.0,-0.183699436901135,-0.1840234121,0.18,36.1,worker5015,2026-03-16
ice,minao,2x2x2,8,1e-08,0.0001,1e-06,3e-05,128,192,,,23,2048,7.0,6.0,-0.181947387246693,-0.1840234121,1.13,2.7,worker6066,2026-03-16
ice,minao,2x2x2,8,1e-08,0.0003,1e-06,3e-05,128,192,,,23,2048,7.0,6.0,-0.180431223563087,-0.1840234121,1.95,2.46,worker6059,2026-03-16
ice,minao,2x2x2,8,1e-08,0.001,1e-06,3e-05,128,192,,,23,2048,7.0,6.0,-0.179784017210967,-0.1840234121,2.3,2.12,worker6059,2026-03-16
ice,minao,2x2x2,8,1e-08,0,1e-06,3e-05,128,192,,,23,2048,7.0,3.0,-0.183979079496068,-0.1840234121,0.02,108.0,worker6059,2026-03-16
ice,minao,2x2x2,8,1e-08,1e-05,1e-06,3e-05,128,192,,,23,2048,7.0,5.0,-0.183535905698759,-0.1840234121,0.26,5.65,worker6059,2026-03-16
ice,minao,2x2x2,8,1e-08,3e-05,1e-06,3e-05,128,192,,,23,2048,7.0,6.0,-0.182956961298299,-0.1840234121,0.58,3.4,worker6059,2026-03-16
ice,minao,2x2x2,8,1e-08,3e-06,1e-06,3e-05,128,192,,,23,2048,7.0,5.0,-0.183831610939505,-0.1840234121,0.1,9.75,worker6059,2026-03-16
ice,minao,3x3x3,27,1e-07,3e-06,1e-06,3e-05,432,648,4680,1096,1136,6912,7.0,3.0,-0.183687900928988,-0.1841206469,0.24,62.92,worker5015,2026-03-16
ice,pob-TZVP,2x2x2,8,1e-06,3e-06,1e-06,3e-05,128,928,,,775,2048,44.0,6.0,-0.741268228595852,-0.7433088412,0.27,66.8,worker6168,2026-03-18
ice,pob-TZVP,2x2x2,8,1e-06,3e-06,1e-08,3e-05,128,928,,,0,2048,46.0,6.0,-0.743323182666442,,,86.24,worker6062,2026-03-19
ice,pob-TZVP,2x2x2,8,1e-07,3e-06,1e-06,3e-05,128,928,,,775,2048,44.0,8.0,-0.742199096609033,-0.7433088412,0.15,66.19,worker6168,2026-03-18
ice,pob-TZVP,2x2x2,8,1e-07,3e-06,1e-08,3e-05,128,928,,,0,2048,46.0,9.0,-0.74429200657535,,,88.99,worker6062,2026-03-19
ice,pob-TZVP,2x2x2,8,1e-08,3e-06,1e-06,3e-05,128,928,,,775,2048,44.0,14.0,-0.74253222238693,-0.7433088412,0.1,67.72,worker6168,2026-03-18
ice,pob-TZVP,2x2x2,8,1e-08,3e-06,1e-08,3e-05,128,928,,,0,2048,46.0,14.0,-0.744649392082298,,,88.73,worker6062,2026-03-19
ice,pob-TZVP,2x2x2,8,1e-09,3e-06,1e-06,1.05409e-05,128,928,,,771,2048,55.0,24.0,-0.742693413773424,-0.7433088412,0.08,73.37,worker6168,2026-03-18
ice,pob-TZVP,2x2x2,8,1e-09,3e-06,1e-08,1.05409e-05,128,928,,,0,2048,59.0,24.0,-0.744846902605381,,,102.95,worker6062,2026-03-19
ice,pob-TZVP,3x3x3,27,1e-06,3e-06,1e-06,3e-05,432,3132,,,,,,,-0.744537666000401,-0.7464513661,0.26,602.98,g149,2026-03-30
ice,pob-TZVP,3x3x3,27,1e-06,3e-06,1e-08,3e-05,432,3132,,,0,6912,46.0,6.0,-0.744581160888595,,,368.23,worker6062,2026-03-19
ice,pob-TZVP,3x3x3,27,1e-07,3e-06,1e-06,3e-05,432,3132,,,,,,,-0.745481752196596,-0.7464513661,0.13,575.97,g149,2026-03-30
ice,pob-TZVP,3x3x3,27,1e-07,3e-06,1e-08,3e-05,432,3132,,,0,6912,46.0,8.0,-0.74552500675474,,,373.56,worker6062,2026-03-19
ice,pob-TZVP,3x3x3,27,1e-08,3e-06,1e-06,3e-05,432,3132,,,,,,,-0.745864260276057,-0.7464513661,0.08,483.05,g149,2026-03-30
ice,pob-TZVP,3x3x3,27,1e-08,3e-06,1e-08,3e-05,432,3132,,,0,6912,46.0,12.0,-0.745891286303206,,,371.28,worker6062,2026-03-19
ice,pob-TZVP,3x3x3,27,1e-09,3e-06,1e-06,1.05409e-05,432,3132,,,,,,,-0.746059753592071,-0.7464513661,0.05,593.19,g149,2026-03-30
ice,pob-TZVP,3x3x3,27,1e-09,3e-06,1e-08,1.05409e-05,432,3132,,,0,6912,59.0,19.0,-0.746093901074548,,,408.29,worker6062,2026-03-19
lih,pob-TZVP,3x3x3,27,1e-07,0.0001,1e-06,3e-05,27,324,,,0,27,85.0,28.0,-0.0296421926953495,,,3.39,worker7137,2026-07-06
lih,pob-TZVP,3x3x3,27,1e-07,0.0001,1e-08,3e-05,27,324,,,0,27,85.0,28.0,-0.0296421926952018,,,3.73,worker7233,2026-07-06
lih,pob-TZVP,3x3x3,27,1e-07,0,1e-08,3e-05,27,324,,,0,27,85.0,28.0,-0.0296421926954117,,,3.7,worker7044,2026-07-06
lih,pob-TZVP,3x3x3,27,1e-07,1e-05,1e-06,3e-05,27,324,,,0,27,85.0,28.0,-0.0296421926953143,,,3.38,worker7252,2026-07-06
lih,pob-TZVP,3x3x3,27,1e-07,1e-05,1e-08,3e-05,27,324,27,0,0,27,85.0,28.0,-0.0296421925250692,,,1.98,worker6165,2026-08-11
lih,pob-TZVP,3x3x3,27,1e-07,3e-05,1e-06,3e-05,27,324,,,0,27,85.0,28.0,-0.0296421926955183,,,3.3,worker7421,2026-07-06
lih,pob-TZVP,3x3x3,27,1e-07,3e-05,1e-08,3e-05,27,324,,,0,27,85.0,28.0,-0.0296421926934856,,,6.73,worker5303,2026-07-06
lih,pob-TZVP,3x3x3,27,1e-07,3e-06,1e-06,3e-05,27,324,,,0,27,85.0,28.0,-0.0296421926918715,,,6.4,worker5305,2026-07-06
lih,pob-TZVP,3x3x3,27,1e-08,0.0001,1e-06,3e-05,27,324,,,0,27,85.0,52.0,-0.0296573635105846,,,2.02,worker7137,2026-07-06
lih,pob-TZVP,3x3x3,27,1e-08,0.0001,1e-08,3e-05,27,324,,,0,27,85.0,52.0,-0.0296573635104363,,,2.08,worker7233,2026-07-06
lih,pob-TZVP,3x3x3,27,1e-08,0,1e-08,3e-05,27,324,,,0,27,85.0,52.0,-0.029657363510647,,,1.84,worker7044,2026-07-06
lih,pob-TZVP,3x3x3,27,1e-08,1e-05,1e-06,3e-05,27,324,,,0,27,85.0,52.0,-0.0296573635105492,,,2.06,worker7252,2026-07-06
lih,pob-TZVP,3x3x3,27,1e-08,1e-05,1e-08,3e-05,27,324,,,0,27,85.0,52.0,-0.0296573635106951,,,2.65,worker7375,2026-07-06
lih,pob-TZVP,3x3x3,27,1e-08,3e-05,1e-06,3e-05,27,324,,,0,27,85.0,52.0,-0.0296573635107544,,,1.81,worker7421,2026-07-06
lih,pob-TZVP,3x3x3,27,1e-08,3e-05,1e-08,3e-05,27,324,,,0,27,85.0,52.0,-0.0296573635087105,,,3.64,worker5303,2026-07-06
lih,pob-TZVP,3x3x3,27,1e-08,3e-06,1e-06,3e-05,27,324,,,0,27,85.0,52.0,-0.0296573635070876,,,4.06,worker5305,2026-07-06
lih,pob-TZVP,3x3x3,27,1e-08,3e-06,1e-08,3e-05,27,324,27,0,0,27,85.0,52.0,-0.0296573633382299,-0.0296720635,0.05,2.16,worker6182,2026-07-29
lih,pob-TZVP,3x3x3,27,1e-09,0.0001,1e-06,1.05409e-05,27,324,,,0,27,131.0,94.0,-0.0296689840936467,,,2.6,worker7137,2026-07-06
lih,pob-TZVP,3x3x3,27,1e-09,0.0001,1e-08,1.05409e-05,27,324,,,0,27,131.0,94.0,-0.0296689840934895,,,2.53,worker7233,2026-07-06
lih,pob-TZVP,3x3x3,27,1e-09,0,1e-08,1.05409e-05,27,324,,,0,27,131.0,94.0,-0.0296689840937118,,,2.49,worker7044,2026-07-06
lih,pob-TZVP,3x3x3,27,1e-09,1e-05,1e-06,1.05409e-05,27,324,,,0,27,131.0,94.0,-0.0296689840936085,,,2.4,worker7252,2026-07-06
lih,pob-TZVP,3x3x3,27,1e-09,1e-05,1e-08,1.05409e-05,27,324,,,0,27,131.0,94.0,-0.0296689840937631,,,3.52,worker7375,2026-07-06
lih,pob-TZVP,3x3x3,27,1e-09,3e-05,1e-06,1.05409e-05,27,324,,,0,27,131.0,94.0,-0.0296689840938269,,,2.43,worker7421,2026-07-06
lih,pob-TZVP,3x3x3,27,1e-09,3e-05,1e-08,1.05409e-05,27,324,,,0,27,131.0,94.0,-0.0296689840916669,,,5.17,worker5303,2026-07-06
lih,pob-TZVP,3x3x3,27,1e-09,3e-06,1e-06,1.05409e-05,27,324,,,0,27,131.0,94.0,-0.0296689840899551,,,5.54,worker5305,2026-07-06
lih,pob-TZVP,3x3x3,27,1e-10,3e-06,1e-08,3e-06,27,324,,,0,27,209.0,158.0,-0.0296712693868788,,,4.37,worker7109,2026-07-08
lih,pob-TZVP,3x3x3,27,3e-07,3e-06,1e-08,3e-05,27,324,,,0,27,85.0,21.0,-0.0296288541616591,,,3.0,worker7047,2026-07-08
lih,pob-TZVP,5x5x5,125,1e-07,0.0001,1e-06,3e-05,125,1500,,,0,125,87.0,27.0,-0.0305685147539528,,,40.37,worker7137,2026-07-06
lih,pob-TZVP,5x5x5,125,1e-07,0.0001,1e-08,3e-05,125,1500,,,0,125,87.0,27.0,-0.0305685147539668,,,40.88,worker7233,2026-07-06
lih,pob-TZVP,5x5x5,125,1e-07,0,1e-08,3e-05,125,1500,,,0,125,87.0,11.0,-0.0306971957121241,,,76.11,worker7044,2026-07-06
lih,pob-TZVP,5x5x5,125,1e-07,1e-05,1e-06,3e-05,125,1500,,,0,125,87.0,12.0,-0.0306745602024392,,,50.1,worker7252,2026-07-06
lih,pob-TZVP,5x5x5,125,1e-07,1e-05,1e-08,3e-05,125,1500,,,0,125,87.0,12.0,-0.0306745602022384,,,89.52,worker7375,2026-07-06
lih,pob-TZVP,5x5x5,125,1e-07,3e-05,1e-06,3e-05,125,1500,,,0,125,87.0,15.0,-0.0306529131051043,,,46.62,worker7421,2026-07-06
lih,pob-TZVP,5x5x5,125,1e-07,3e-05,1e-08,3e-05,125,1500,,,0,125,87.0,15.0,-0.03065291310459,,,98.45,worker5303,2026-07-06
lih,pob-TZVP,5x5x5,125,1e-07,3e-06,1e-06,3e-05,125,1500,,,0,125,87.0,11.0,-0.0306956390793841,,,126.76,worker5305,2026-07-06
lih,pob-TZVP,5x5x5,125,1e-08,0.0001,1e-06,3e-05,125,1500,,,0,125,87.0,46.0,-0.0305774564093384,,,41.58,worker7137,2026-07-06
lih,pob-TZVP,5x5x5,125,1e-08,0.0001,1e-08,3e-05,125,1500,,,0,125,87.0,46.0,-0.0305774564093524,,,39.52,worker7233,2026-07-06
lih,pob-TZVP,5x5x5,125,1e-08,0,1e-08,3e-05,125,1500,,,0,125,87.0,22.0,-0.0307227979763027,,,80.02,worker7044,2026-07-06
lih,pob-TZVP,5x5x5,125,1e-08,1e-05,1e-06,3e-05,125,1500,,,0,125,87.0,27.0,-0.0306976564713459,,,52.97,worker7252,2026-07-06
lih,pob-TZVP,5x5x5,125,1e-08,1e-05,1e-08,3e-05,125,1500,,,0,125,87.0,27.0,-0.0306976564711434,,,95.85,worker7375,2026-07-06
lih,pob-TZVP,5x5x5,125,1e-08,3e-05,1e-06,3e-05,125,1500,,,0,125,87.0,33.0,-0.0306722711816416,,,49.79,worker7421,2026-07-06
lih,pob-TZVP,5x5x5,125,1e-08,3e-05,1e-08,3e-05,125,1500,,,0,125,87.0,33.0,-0.0306722711811234,,,107.19,worker5303,2026-07-06
lih,pob-TZVP,5x5x5,125,1e-08,3e-06,1e-06,3e-05,125,1500,,,0,125,87.0,22.0,-0.0307210542744426,,,166.48,worker5305,2026-07-06
lih,pob-TZVP,5x5x5,125,1e-08,3e-06,1e-08,3e-05,125,1500,119,6,0,125,87.0,22.0,-0.0307210543337403,,,97.25,worker7027,2026-07-29
lih,pob-TZVP,5x5x5,125,1e-09,0.0001,1e-06,1.05409e-05,125,1500,,,0,125,129.0,79.0,-0.0305905941499777,,,51.56,worker7137,2026-07-06
lih,pob-TZVP,5x5x5,125,1e-09,0.0001,1e-08,1.05409e-05,125,1500,,,0,125,129.0,79.0,-0.0305905941499924,,,51.71,worker7233,2026-07-06
lih,pob-TZVP,5x5x5,125,1e-09,0,1e-08,1.05409e-05,125,1500,,,0,125,129.0,46.0,-0.0307449864585289,,,128.85,worker7044,2026-07-06
lih,pob-TZVP,5x5x5,125,1e-09,1e-05,1e-06,1.05409e-05,125,1500,,,0,125,129.0,56.0,-0.0307165978132154,,,75.46,worker7252,2026-07-06
lih,pob-TZVP,5x5x5,125,1e-09,1e-05,1e-08,1.05409e-05,125,1500,,,0,125,129.0,56.0,-0.0307165978130069,,,146.18,worker7375,2026-07-06
lih,pob-TZVP,5x5x5,125,1e-09,3e-05,1e-06,1.05409e-05,125,1500,,,0,125,129.0,62.0,-0.0306891334259829,,,65.51,worker7421,2026-07-06
lih,pob-TZVP,5x5x5,125,1e-09,3e-05,1e-08,1.05409e-05,125,1500,,,0,125,129.0,62.0,-0.0306891334254516,,,178.46,worker5303,2026-07-06
lih,pob-TZVP,5x5x5,125,1e-09,3e-06,1e-06,1.05409e-05,125,1500,,,0,125,129.0,46.0,-0.0307449864576823,,,343.3,worker5305,2026-07-06
lih,pob-TZVP,5x5x5,125,1e-10,3e-06,1e-08,3e-06,125,1500,,,0,125,216.0,95.0,-0.0307539062354811,,,120.53,worker7109,2026-07-08
lih,pob-TZVP,5x5x5,125,3e-07,3e-06,1e-08,3e-05,125,1500,,,0,125,87.0,9.0,-0.0306780888104454,,,68.87,worker7047,2026-07-08
lih,pob-TZVP,7x7x7,343,1e-06,3e-06,1e-08,3e-05,343,4116,135,208,0,343,87.0,7.0,-0.0308247532997424,,,659.71,worker6049,2026-07-29
lih,pob-TZVP,7x7x7,343,1e-07,0.0001,1e-06,3e-05,343,4116,,,161,343,87.0,27.0,-0.0307058122477838,,,567.61,worker7137,2026-07-06
lih,pob-TZVP,7x7x7,343,1e-07,0.0001,1e-08,3e-05,343,4116,,,0,343,87.0,27.0,-0.0307513415464321,,,636.95,worker7233,2026-07-06
lih,pob-TZVP,7x7x7,343,1e-07,0,1e-08,3e-05,343,4116,,,0,343,87.0,6.0,-0.0308835726144949,,,807.6,worker7044,2026-07-06
lih,pob-TZVP,7x7x7,343,1e-07,1e-05,1e-06,3e-05,343,4116,,,161,343,87.0,12.0,-0.030806324009176,,,545.18,worker7252,2026-07-06
lih,pob-TZVP,7x7x7,343,1e-07,1e-05,1e-08,3e-05,343,4116,,,0,343,87.0,12.0,-0.0308518519740124,,,1223.04,worker7375,2026-07-06
lih,pob-TZVP,7x7x7,343,1e-07,3e-05,1e-06,3e-05,343,4116,,,161,343,87.0,16.0,-0.0307675336451247,,,570.83,worker7421,2026-07-06
lih,pob-TZVP,7x7x7,343,1e-07,3e-05,1e-08,3e-05,343,4116,,,0,343,87.0,16.0,-0.030813062699464,,,1610.89,worker5303,2026-07-06
lih,pob-TZVP,7x7x7,343,1e-07,3e-06,1e-06,3e-05,343,4116,,,161,343,87.0,9.0,-0.0308221176339136,,,1477.25,worker5305,2026-07-06
lih,pob-TZVP,7x7x7,343,1e-07,3e-06,1e-08,3e-05,343,4116,135,208,0,343,87.0,9.0,-0.0308680699221227,,,786.47,worker7183,2026-08-18
lih,pob-TZVP,7x7x7,343,1e-08,0.0001,1e-06,3e-05,343,4116,,,161,343,87.0,46.0,-0.0307151857809213,,,565.78,worker7137,2026-07-06
lih,pob-TZVP,7x7x7,343,1e-08,0.0001,1e-08,3e-05,343,4116,,,0,343,87.0,46.0,-0.0307607150795705,,,633.68,worker7233,2026-07-06
lih,pob-TZVP,7x7x7,343,1e-08,0,1e-08,3e-05,343,4116,,,0,343,87.0,10.0,-0.0309086657722902,,,800.7,worker7044,2026-07-06
lih,pob-TZVP,7x7x7,343,1e-08,1e-05,1e-06,3e-05,343,4116,,,161,343,87.0,26.0,-0.0308298726217308,,,541.37,worker7252,2026-07-06
lih,pob-TZVP,7x7x7,343,1e-08,1e-05,1e-08,3e-05,343,4116,,,0,343,87.0,26.0,-0.0308754002971683,,,1195.34,worker7375,2026-07-06
lih,pob-TZVP,7x7x7,343,1e-08,3e-05,1e-06,3e-05,343,4116,,,161,343,87.0,36.0,-0.0307871231510026,,,570.27,worker7421,2026-07-06
lih,pob-TZVP,7x7x7,343,1e-08,3e-05,1e-08,3e-05,343,4116,,,0,343,87.0,36.0,-0.0308326521475032,,,1608.85,worker5303,2026-07-06
lih,pob-TZVP,7x7x7,343,1e-08,3e-06,1e-06,3e-05,343,4116,,,161,343,87.0,18.0,-0.030845685577473,,,1371.78,worker5305,2026-07-06
lih,pob-TZVP,7x7x7,343,1e-08,3e-06,1e-08,3e-05,343,4116,135,208,0,343,87.0,18.0,-0.0308916482061577,-0.0309471263,0.18,1512.29,worker7010,2026-07-30
lih,pob-TZVP,7x7x7,343,1e-09,0.0001,1e-06,1.05409e-05,343,4116,,,161,343,129.0,78.0,-0.0307287269916245,,,602.71,worker7137,2026-07-06
lih,pob-TZVP,7x7x7,343,1e-09,0.0001,1e-08,1.05409e-05,343,4116,,,0,343,129.0,78.0,-0.0307733807195127,,,714.97,worker7233,2026-07-06
lih,pob-TZVP,7x7x7,343,1e-09,0,1e-08,1.05409e-05,343,4116,,,0,343,129.0,21.0,-0.0309311543081548,,,1118.82,worker7044,2026-07-06
lih,pob-TZVP,7x7x7,343,1e-09,1e-05,1e-06,1.05409e-05,343,4116,,,161,343,129.0,53.0,-0.0308493329197851,,,595.81,worker7252,2026-07-06
lih,pob-TZVP,7x7x7,343,1e-09,1e-05,1e-08,1.05409e-05,343,4116,,,0,343,129.0,53.0,-0.0308939842379309,,,1714.97,worker7375,2026-07-06
lih,pob-TZVP,7x7x7,343,1e-09,3e-05,1e-06,1.05409e-05,343,4116,,,161,343,129.0,65.0,-0.0308037089637085,,,668.16,worker7421,2026-07-06
lih,pob-TZVP,7x7x7,343,1e-09,3e-05,1e-08,1.05409e-05,343,4116,,,0,343,129.0,65.0,-0.0308483622603814,,,1724.45,worker5303,2026-07-06
lih,pob-TZVP,7x7x7,343,1e-09,3e-06,1e-06,1.05409e-05,343,4116,,,161,343,129.0,39.0,-0.0308671957432659,,,2102.78,worker5305,2026-07-06
lih,pob-TZVP,7x7x7,343,1e-09,3e-06,1e-08,3e-05,343,4116,135,208,0,343,87.0,37.0,-0.0308996960585634,,,666.59,worker6049,2026-07-29
lih,pob-TZVP,7x7x7,343,1e-10,3e-06,1e-08,3e-06,343,4116,,,0,343,213.0,74.0,-0.0309232779105212,,,984.76,worker7109,2026-07-08
lih,pob-TZVP,7x7x7,343,3e-07,3e-06,1e-08,3e-05,343,4116,135,208,0,343,87.0,8.0,-0.0308535651178149,,,672.19,worker6049,2026-07-29
lih,pob-TZVP,9x9x9,729,1e-06,3e-06,1e-08,3e-05,729,8748,141,588,0,729,87.0,7.0,-0.0308811269714204,,,11121.85,worker7188,2026-08-06
lih,pob-TZVP,9x9x9,729,1e-07,3e-06,1e-08,3e-05,729,8748,141,588,0,729,87.0,9.0,-0.0309226766134996,,,11218.28,worker7188,2026-08-06
lih,pob-TZVP,9x9x9,729,1e-08,3e-06,1e-08,3e-05,729,8748,141,588,0,729,87.0,17.0,-0.0309459424551919,,,10984.35,worker7188,2026-08-06
lih,pob-TZVP,9x9x9,729,1e-09,3e-06,1e-08,1.05409e-05,729,8748,141,588,0,729,129.0,37.0,-0.0309669111230997,,,11183.22,worker7188,2026-08-06
mgo,pob-TZVP,3x3x3,27,1e-07,0.0001,1e-06,3e-05,108,837,,,98,432,64.0,18.0,-0.194897182190108,,,38.86,worker5432,2026-07-06
mgo,pob-TZVP,3x3x3,27,1e-07,0.0001,1e-08,3e-05,108,837,,,0,432,64.0,18.0,-0.194992326286718,,,44.65,worker5300,2026-07-06
mgo,pob-TZVP,3x3x3,27,1e-07,0,1e-08,3e-05,108,837,,,0,432,64.0,11.0,-0.195179847463207,,,141.81,worker5393,2026-07-06
mgo,pob-TZVP,3x3x3,27,1e-07,1e-05,1e-06,3e-05,108,837,,,98,432,64.0,12.0,-0.195070874738381,,,101.22,worker5301,2026-07-06
mgo,pob-TZVP,3x3x3,27,1e-07,1e-05,1e-08,3e-05,108,837,,,0,432,64.0,12.0,-0.195175146235147,,,106.33,worker5341,2026-07-06
mgo,pob-TZVP,3x3x3,27,1e-07,3e-05,1e-06,3e-05,108,837,,,98,432,64.0,15.0,-0.195021157147628,,,51.78,worker5342,2026-07-06
mgo,pob-TZVP,3x3x3,27,1e-07,3e-05,1e-08,3e-05,108,837,,,0,432,64.0,15.0,-0.195116321672182,,,54.31,worker5356,2026-07-06
mgo,pob-TZVP,3x3x3,27,1e-07,3e-06,1e-05,3e-05,108,837,,,227,432,64.0,14.0,-0.19425307072023,,,27.53,worker7181,2026-07-06
mgo,pob-TZVP,3x3x3,27,1e-07,3e-06,1e-07,3e-05,108,837,,,14,432,64.0,11.0,-0.195172937508052,,,114.45,worker5357,2026-07-06
mgo,pob-TZVP,3x3x3,27,1e-08,0.0001,1e-06,3e-05,108,837,,,98,432,64.0,33.0,-0.194928415124955,,,44.63,worker5432,2026-07-06
mgo,pob-TZVP,3x3x3,27,1e-08,0.0001,1e-08,3e-05,108,837,,,0,432,64.0,33.0,-0.19502355922146,,,51.57,worker5300,2026-07-06
mgo,pob-TZVP,3x3x3,27,1e-08,0,1e-08,3e-05,108,837,,,0,432,64.0,19.0,-0.195234528759892,,,160.48,worker5393,2026-07-06
mgo,pob-TZVP,3x3x3,27,1e-08,1e-05,1e-06,3e-05,108,837,,,98,432,64.0,22.0,-0.195126150734703,,,114.07,worker5301,2026-07-06
mgo,pob-TZVP,3x3x3,27,1e-08,1e-05,1e-08,3e-05,108,837,,,0,432,64.0,22.0,-0.195229896622098,,,118.7,worker5341,2026-07-06
mgo,pob-TZVP,3x3x3,27,1e-08,3e-05,1e-06,3e-05,108,837,,,98,432,64.0,29.0,-0.195066059335468,,,62.27,worker5342,2026-07-06
mgo,pob-TZVP,3x3x3,27,1e-08,3e-05,1e-08,3e-05,108,837,,,0,432,64.0,29.0,-0.195160812853331,,,64.95,worker5356,2026-07-06
mgo,pob-TZVP,3x3x3,27,1e-08,3e-06,1e-05,3e-05,108,837,,,227,432,64.0,26.0,-0.19429813706916,,,32.77,worker7181,2026-07-06
mgo,pob-TZVP,3x3x3,27,1e-08,3e-06,1e-07,3e-05,108,837,,,14,432,64.0,21.0,-0.195227670340991,,,135.81,worker5357,2026-07-06
mgo,pob-TZVP,3x3x3,27,1e-08,3e-06,1e-08,3e-05,108,837,346,86,0,432,64.0,21.0,-0.195229494501228,,,21.98,worker6003,2026-08-12
mgo,pob-TZVP,5x5x5,125,1e-07,0.0001,1e-06,3e-05,500,3875,,,1204,2000,63.0,17.0,-0.19698618167831,,,985.12,worker5432,2026-07-06
mgo,pob-TZVP,5x5x5,125,1e-07,0.0001,1e-08,3e-05,500,3875,,,51,2000,63.0,17.0,-0.197097293968272,,,1248.53,worker5300,2026-07-06
mgo,pob-TZVP,5x5x5,125,1e-07,0,1e-08,3e-05,500,3875,,,51,2000,63.0,6.0,-0.197357880500712,,,2814.7,worker5393,2026-07-06
mgo,pob-TZVP,5x5x5,125,1e-07,1e-05,1e-06,3e-05,500,3875,,,1204,2000,63.0,12.0,-0.197167996567825,,,994.65,worker5301,2026-07-06
mgo,pob-TZVP,5x5x5,125,1e-07,1e-05,1e-08,3e-05,500,3875,,,51,2000,63.0,12.0,-0.197289914190294,,,1461.9,worker5341,2026-07-06
mgo,pob-TZVP,5x5x5,125,1e-07,3e-05,1e-06,3e-05,500,3875,,,1204,2000,63.0,15.0,-0.197118444058539,,,986.61,worker5342,2026-07-06
mgo,pob-TZVP,5x5x5,125,1e-07,3e-05,1e-08,3e-05,500,3875,,,51,2000,63.0,15.0,-0.197229474698572,,,1594.45,worker5356,2026-07-06
mgo,pob-TZVP,5x5x5,125,1e-07,3e-06,1e-05,3e-05,500,3875,,,1783,2000,63.0,13.0,-0.196096791573885,,,262.32,worker7181,2026-07-06
mgo,pob-TZVP,5x5x5,125,1e-07,3e-06,1e-07,3e-05,500,3875,,,433,2000,63.0,9.0,-0.197338704597626,,,1327.37,worker5357,2026-07-06
mgo,pob-TZVP,5x5x5,125,1e-08,0.0001,1e-06,3e-05,500,3875,,,1204,2000,63.0,32.0,-0.197024522141951,,,917.07,worker5432,2026-07-06
mgo,pob-TZVP,5x5x5,125,1e-08,0.0001,1e-08,3e-05,500,3875,,,51,2000,63.0,32.0,-0.19713563443192,,,1275.79,worker5300,2026-07-06
mgo,pob-TZVP,5x5x5,125,1e-08,0,1e-08,3e-05,500,3875,,,51,2000,63.0,8.0,-0.197419378196151,,,2753.01,worker5393,2026-07-06
mgo,pob-TZVP,5x5x5,125,1e-08,1e-05,1e-06,3e-05,500,3875,,,1204,2000,63.0,22.0,-0.197222789176584,,,958.04,worker5301,2026-07-06
mgo,pob-TZVP,5x5x5,125,1e-08,1e-05,1e-08,3e-05,500,3875,,,51,2000,63.0,22.0,-0.197344543790586,,,1280.49,worker5341,2026-07-06
mgo,pob-TZVP,5x5x5,125,1e-08,3e-05,1e-06,3e-05,500,3875,,,1204,2000,63.0,29.0,-0.197168641523602,,,874.83,worker5342,2026-07-06
mgo,pob-TZVP,5x5x5,125,1e-08,3e-05,1e-08,3e-05,500,3875,,,51,2000,63.0,29.0,-0.197279676222337,,,1324.82,worker5356,2026-07-06
mgo,pob-TZVP,5x5x5,125,1e-08,3e-06,1e-05,3e-05,500,3875,,,1783,2000,63.0,24.0,-0.196144794555276,,,260.45,worker7181,2026-07-06
mgo,pob-TZVP,5x5x5,125,1e-08,3e-06,1e-07,3e-05,500,3875,,,433,2000,63.0,14.0,-0.197399770203428,,,1404.7,worker5357,2026-07-06
mos2,pob-TZVP,3x3x1,9,1e-06,3e-06,1e-06,3e-05,72,846,,,,,,,-0.736661447349983,-0.7352519085,0.19,313.32,g152,2026-03-02
mos2,pob-TZVP,3x3x1,9,1e-07,3e-06,1e-06,3e-05,72,846,,,,,,,-0.738304208895689,-0.7352519085,0.42,325.41,g152,2026-03-02
mos2,pob-TZVP,3x3x1,9,1e-08,3e-06,1e-06,3e-05,72,846,,,,,,,-0.739413109209561,-0.7352519085,0.57,538.37,g152,2026-03-02
mos2,pob-TZVP,3x3x1,9,1e-09,3e-06,1e-06,1.05409e-05,72,846,,,,,,,-0.740266151368251,-0.7352519085,0.68,1741.92,g152,2026-03-02
mos2,pob-TZVP,5x5x1,25,1e-06,3e-06,1e-06,3e-05,200,2350,,,,,,,-0.724800386893625,-0.7332439076,1.15,1060.23,g152,2026-03-02
mos2,pob-TZVP,5x5x1,25,1e-07,3e-06,1e-06,3e-05,200,2350,,,,,,,-0.726707549659216,-0.7332439076,0.89,1148.21,g152,2026-03-02
mos2,pob-TZVP,5x5x1,25,1e-08,3e-06,1e-06,3e-05,200,2350,,,,,,,-0.72816808812163,-0.7332439076,0.69,1572.25,g152,2026-03-02
mos2,pob-TZVP,7x7x1,49,1e-06,3e-06,1e-06,3e-05,392,4606,,,,,,,-0.714807041051284,-0.7344156256,2.67,1705.33,g152,2026-03-02
oxaca,cc-pVDZ,2x2x2,8,1e-08,3e-06,1e-08,3e-05,544,2816,,,0,36992,48.0,14.0,-4.02966507495304,,,6917.26,worker5021,2026-07-08
oxaca,cc-pVTZ,2x2x2,8,1e-08,3e-06,1e-08,3e-05,544,6464,,,0,36992,86.0,18.0,-5.06273287122158,,,23770.56,worker5021,2026-07-08
oxacb,cc-pVDZ,2x2x2,8,1e-08,3e-06,1e-08,3e-05,272,1408,,,0,9248,51.0,15.0,-2.01741144470691,,,877.57,worker7354,2026-07-08
oxacb,cc-pVQZ,2x2x2,8,1e-08,3e-06,1e-08,3e-05,272,6112,,,0,9248,118.0,22.0,-2.71767083597012,,,3846.88,worker7354,2026-07-08
oxacb,cc-pVTZ,2x2x2,8,1e-08,3e-06,1e-08,3e-05,272,3232,,,0,9248,86.0,19.0,-2.53272839541183,,,1929.23,worker7354,2026-07-08
si,pob-TZVP,2x2x2,8,1e-06,3e-06,1e-08,3e-05,32,272,128,0,0,128,108.0,22.0,-0.140021228333558,-0.141262809,0.88,4.3,worker7081,2026-08-02
si,pob-TZVP,2x2x2,8,1e-06,3e-06,1e-08,3e-06,32,272,,,0,128,169.0,24.0,-0.140028349092666,,,9.89,worker6138,2026-07-09
si,pob-TZVP,2x2x2,8,1e-07,3e-06,1e-08,3e-05,32,272,128,0,0,128,108.0,40.0,-0.140730900059458,,,4.97,worker6198,2026-08-18
si,pob-TZVP,2x2x2,8,1e-07,3e-06,1e-08,3e-06,32,272,,,0,128,169.0,42.0,-0.140741182387781,,,10.63,worker6138,2026-07-09
si,pob-TZVP,2x2x2,8,1e-08,3e-06,1e-08,3e-05,32,272,128,0,0,128,108.0,72.0,-0.141073861369983,-0.141262809,0.13,7.04,worker7081,2026-08-02
si,pob-TZVP,2x2x2,8,1e-08,3e-06,1e-08,3e-06,32,272,,,0,128,169.0,73.0,-0.141081312595145,,,11.67,worker6138,2026-07-09
si,pob-TZVP,2x2x2,8,1e-09,3e-06,1e-08,3e-05,32,272,128,0,0,128,108.0,109.0,-0.14120428109477,-0.141262809,0.04,9.61,worker7081,2026-08-02
si,pob-TZVP,2x2x2,8,1e-09,3e-06,1e-08,3e-06,32,272,,,0,128,169.0,112.0,-0.141213632481275,,,13.72,worker6138,2026-07-09
si,pob-TZVP,2x2x2,8,1e-10,3e-06,1e-08,3e-06,32,272,,,0,128,169.0,154.0,-0.141250636674936,,,17.22,worker6138,2026-07-09
si,pob-TZVP,2x2x2,8,3e-07,3e-06,1e-08,3e-05,32,272,128,0,0,128,108.0,30.0,-0.140442672831752,-0.141262809,0.58,4.69,worker7081,2026-08-02
si,pob-TZVP,3x3x3,27,1e-05,3e-06,1e-08,3e-05,108,918,,,0,432,108.0,9.0,-0.158604538948009,,,114.6,worker7022,2026-07-06
si,pob-TZVP,3x3x3,27,1e-06,3e-06,1e-08,3e-05,108,918,432,0,0,432,108.0,10.0,-0.159113324255119,-0.1606979916,0.99,33.77,worker7015,2026-08-02
si,pob-TZVP,3x3x3,27,1e-06,3e-06,1e-08,3e-06,108,918,,,0,432,236.0,11.0,-0.159226747832648,,,106.46,worker6138,2026-07-09
si,pob-TZVP,3x3x3,27,1e-07,3e-06,1e-08,3e-05,108,918,432,0,0,432,108.0,18.0,-0.159853064403699,,,66.91,worker7085,2026-08-18
si,pob-TZVP,3x3x3,27,1e-07,3e-06,1e-08,3e-06,108,918,,,0,432,236.0,19.0,-0.15996472063004,,,111.74,worker6138,2026-07-09
si,pob-TZVP,3x3x3,27,1e-08,3e-06,1e-08,3e-05,108,918,432,0,0,432,108.0,35.0,-0.160233463800655,-0.1606979916,0.29,42.04,worker7015,2026-08-02
si,pob-TZVP,3x3x3,27,1e-08,3e-06,1e-08,3e-06,108,918,,,0,432,236.0,37.0,-0.160355808714943,,,140.07,worker6138,2026-07-09
si,pob-TZVP,3x3x3,27,1e-09,3e-06,1e-08,3e-05,108,918,432,0,0,432,108.0,70.0,-0.160428241131503,-0.1606979916,0.17,62.98,worker7015,2026-08-02
si,pob-TZVP,3x3x3,27,1e-09,3e-06,1e-08,3e-06,108,918,,,0,432,236.0,75.0,-0.160551583661468,,,131.61,worker6138,2026-07-09
si,pob-TZVP,3x3x3,27,1e-10,3e-06,1e-08,1e-05,108,918,,,0,432,156.0,133.0,-0.160612581089274,,,166.18,worker7022,2026-07-06
si,pob-TZVP,3x3x3,27,1e-10,3e-06,1e-08,3e-06,108,918,,,0,432,236.0,138.0,-0.160636044506924,,,188.64,worker6138,2026-07-09
si,pob-TZVP,3x3x3,27,3e-07,3e-06,1e-08,3e-05,108,918,432,0,0,432,108.0,12.0,-0.159498142871882,-0.1606979916,0.75,34.19,worker7015,2026-08-02
si,pob-TZVP,4x4x4,64,1e-05,3e-06,1e-08,3e-05,256,2176,,,0,1024,183.0,14.0,-0.168481188604432,,,1053.61,worker7022,2026-07-06
si,pob-TZVP,4x4x4,64,1e-06,3e-06,1e-08,3e-05,256,2176,991,33,0,1024,183.0,15.0,-0.16891316906647,,,377.68,worker7332,2026-07-27
si,pob-TZVP,4x4x4,64,1e-06,3e-06,1e-08,3e-06,256,2176,,,0,1024,488.0,17.0,-0.169189449190275,,,1796.13,worker6138,2026-07-09
si,pob-TZVP,4x4x4,64,1e-07,0.0001,1e-08,3e-05,256,2176,,,0,1024,183.0,30.0,-0.167186065323001,,,1535.5,worker5157,2026-07-06
si,pob-TZVP,4x4x4,64,1e-07,1e-05,1e-08,3e-05,256,2176,,,0,1024,183.0,23.0,-0.169448311599305,,,2893.99,worker5158,2026-07-06
si,pob-TZVP,4x4x4,64,1e-07,3e-05,1e-08,3e-05,256,2176,,,0,1024,183.0,27.0,-0.168702243670939,,,770.56,worker7182,2026-07-06
si,pob-TZVP,4x4x4,64,1e-07,3e-06,1e-08,3e-05,256,2176,972,52,0,1024,111.0,12.0,-0.169232405477396,,,219.39,worker6198,2026-08-18
si,pob-TZVP,4x4x4,64,1e-07,3e-06,1e-08,3e-06,256,2176,,,0,1024,488.0,22.0,-0.169970030693938,,,1870.63,worker6138,2026-07-09
si,pob-TZVP,4x4x4,64,1e-08,0.0001,1e-08,3e-05,256,2176,,,0,1024,183.0,67.0,-0.167545439295905,,,1360.67,worker5157,2026-07-06
si,pob-TZVP,4x4x4,64,1e-08,1e-05,1e-08,3e-05,256,2176,,,0,1024,183.0,54.0,-0.169997494647342,,,3628.99,worker5158,2026-07-06
si,pob-TZVP,4x4x4,64,1e-08,3e-05,1e-08,3e-05,256,2176,,,0,1024,183.0,63.0,-0.169202329572935,,,938.32,worker7182,2026-07-06
si,pob-TZVP,4x4x4,64,1e-08,3e-06,1e-08,0.0001,256,2176,991,33,0,1024,89.0,42.0,-0.168913768684934,,,300.78,worker7332,2026-07-26
si,pob-TZVP,4x4x4,64,1e-08,3e-06,1e-08,1e-05,256,2176,991,33,0,1024,309.0,48.0,-0.170494024100166,,,866.59,worker7332,2026-07-26
si,pob-TZVP,4x4x4,64,1e-08,3e-06,1e-08,3e-05,256,2176,991,33,0,1024,183.0,47.0,-0.170263486194755,,,453.15,worker7332,2026-07-27
si,pob-TZVP,4x4x4,64,1e-08,3e-06,1e-08,3e-06,256,2176,991,33,0,1024,488.0,49.0,-0.170545111113607,,,1913.08,worker7332,2026-07-26
si,pob-TZVP,4x4x4,64,1e-09,3e-06,1e-08,1.05409e-05,256,2176,991,33,0,1024,300.0,110.0,-0.170757024865586,,,1598.39,worker7048,2026-07-26
si,pob-TZVP,4x4x4,64,1e-09,3e-06,1e-08,3e-06,256,2176,,,0,1024,488.0,112.0,-0.170820130746351,,,3242.99,worker6138,2026-07-09
si,pob-TZVP,4x4x4,64,1e-10,3e-06,1e-08,1e-05,256,2176,,,0,1024,309.0,223.0,-0.170879057409603,,,6944.89,worker7022,2026-07-06
si,pob-TZVP,4x4x4,64,1e-10,3e-06,1e-08,3e-06,256,2176,,,0,1024,488.0,232.0,-0.170935618939352,,,5315.49,worker6138,2026-07-09
si,pob-TZVP,4x4x4,64,3e-07,3e-06,1e-08,3e-05,256,2176,,,0,1024,183.0,16.0,-0.169288990132448,,,1052.81,worker7175,2026-07-08
urea,cc-pVDZ,2x2x2,8,1e-08,3e-06,1e-08,3e-05,192,1152,,,0,4608,51.0,14.0,-1.32409607541351,,,394.32,worker7222,2026-07-08
urea,cc-pVQZ,2x2x2,8,1e-08,3e-06,1e-08,3e-05,192,5312,,,0,4608,118.0,23.0,-1.77582771385793,,,1783.41,worker7222,2026-07-08
urea,cc-pVTZ,2x2x2,8,1e-08,3e-06,1e-08,3e-05,192,2752,,,0,4608,100.0,22.0,-1.65845202366776,,,1030.71,worker7222,2026-07-08
